,light,dark
0,0.8286153,1.0234194
1,0.6691047,0.9204348
2,0.7960906,0.952313
3,0.7693707,1.1030505
4,0.8203877,0.9518554
5,0.8396382,1.018669
6,0.7863655,0.9577195
7,0.8036117,1.0219786
8,0.8369433,0.9995847
9,0.7556188,1.0218707
