,light,dark
0,2.6559238,1.6030547
1,1.9806031,1.7576797
2,1.3336578,1.3218427
3,1.1866885,1.4888004
4,1.2349393,1.4201782
5,1.3644475,1.3208161
6,1.5363525,1.4645251
7,1.3311832,1.4908108
8,1.55649,1.4860887
9,2.0636652,1.5548048
