,light,dark
0,3.7306596,4.4739761
1,2.9052028,5.6882653
2,2.8870338,3.419417
3,2.5652779,3.3104738
4,2.5679788,2.7509642
5,3.9045988,2.5577455
6,2.2440299,2.9765172
7,2.3511363,3.0377726
8,3.263369,3.454336
9,3.105555,2.8813988
