,light,dark
0,2.5234805,3.7592892
1,2.8033226,2.0633268
2,2.3529045,2.2877872
3,1.7185071,1.9666772
4,1.5183075,1.631075
5,2.0176756,2.5526811
6,1.472169,1.6673307
7,1.8014324,1.8193118
8,1.7869487,1.6846546
9,1.8516212,2.0518391
10,2.240188,1.6169103
