,light,dark
0,2.4598541,1.9361291
1,1.2678006,1.3836497
2,1.1511145,1.4523122
3,1.1999925,1.5410088
4,1.1096525,1.4874988
5,1.2724539,1.5020265
6,1.2166473,1.4688799
7,1.2282486,1.3510046
8,1.7189792,1.8174499
9,1.2810021,1.4511255
