,light,dark
0,2.7959043,3.4920938
1,2.4347366,1.7198908
2,2.2697422,1.4530987
3,2.4951082,2.1102713
4,2.5049565,1.5365017
5,2.3662847,1.4977592
6,2.4217917,1.4468263
7,2.5384518,1.3969972
8,2.4599457,1.7985792
9,2.3873378,1.5321892
