,light,dark
0,0.8542539,1.1149794
1,0.928036,1.4706819
2,0.7524075,1.0165531
3,0.7972093,1.0063566
4,0.8212394,1.5381812
5,1.0041264,0.9160624
6,0.9175657,1.1956023
7,0.9028963,1.0478656
8,0.769004,1.0526107
9,0.7694726,1.3894547
