,light,dark
0,1.0198656,1.3843044
1,0.9014084,1.0398317
2,0.9538465,1.0699431
3,0.9065961,1.0539561
4,0.9034765,0.8292878
5,0.9297455,0.9187026
6,1.0151531,0.8314092
7,1.4233956,0.8965218
8,0.9282836,1.1041528
9,0.9518352,1.5560457
