,light,dark
0,1.5325637,1.4120717
1,1.640985,1.5085261
2,1.9925265,0.9879238
3,1.7489175,1.4587391
4,2.1587651,1.0891903
5,2.0569011,1.4028949
6,2.1236778,1.0508274
7,1.7562619,1.3401099
8,1.6899349,1.2543555
9,1.5031268,1.0210548
