,light,dark
0,1.1206239,1.6678551
1,1.1221802,1.2209904
2,1.1037047,1.1522427
3,1.2330428,1.0728164
4,1.2719162,1.0594736
5,1.359656,0.987762
6,1.2558866,1.071237
7,1.0689967,1.0922187
8,1.2365176,1.6109242
9,1.071872,1.0187887
