,light,dark
0,0.7486463,2.9066848
1,0.7346621,0.9948839
2,0.7312459,0.9391796
3,0.9558118,0.9039163
4,0.7666638,1.1206741
5,0.7543882,1.0819928
6,0.729159,1.195059
7,0.6384816,0.8875927
8,0.8712375,0.9361331
9,0.9686846,0.918866
