,light,dark
0,10.8286747,2.9187978
1,13.7625952,3.7581094
2,14.9362648,3.2877401
3,15.1386312,4.16592
4,13.7343061,2.5523964
5,14.9837178,2.2526253
6,15.6174934,2.6878316
7,14.9458382,2.5008988
8,18.2656154,3.648246
9,12.9799447,2.353527
10,12.7839524,2.4168295
11,13.2474386,2.8033451
12,12.9637583,2.5186782
13,15.416872,2.2506668
14,14.8476026,2.6341098
15,17.8577043,2.6928037
16,12.3961466,2.2992616
17,12.7484647,2.3142393
18,11.5669399,2.0011103
19,15.0121305,2.2758105
20,11.44991,2.0869792
